<?xml version="1.0" encoding="UTF-8" standalone="yes"?>
<addon id="plugin.video.morepower" name="MorePower" version="1.0.1" provider-name="Mucky Duck/MorePower">
  <requires>
    <import addon="xbmc.python" version="2.1.0"/>
	<import addon="script.module.urlresolver"  version="2.1.2"/>
	<import addon="script.module.addon.common" />
	<import addon="script.module.requests" />
  </requires>
  <extension point="xbmc.python.pluginsource" library="default.py">
        <provides>video</provides>
  </extension>
  <extension point="xbmc.addon.metadata">
    <summary lang="en">A Standalone Add-on For The Excellent Play-list From MorePower.</summary>
    <description lang="en">A Standalone Add-on For The Excellent Play-list From MorePower.  Thank you very much for stopping by. You will find i have a very wide selection of movies. I strive to have only the BEST quality.</description>
	<disclaimer lang="en">The author does not host or distribute any of the content displayed by this add-on</disclaimer>
    <platform>all</platform>
  </extension>
</addon>
