<?xml version="1.0" encoding="UTF-8"?>
<addon
  id="plugin.video.gorillastreams"
  version="2.0"
  name="Gorilla Streams 2.0"
  provider-name="Gorilla Streams">
  <requires>
   <import addon="xbmc.python" version="2.1.0"/>
   <import addon="script.common.plugin.cache" version="0.9.1"/>
  </requires>
  <extension 
    point="xbmc.python.pluginsource"
    library="default.py">
   <provides>video</provides>
  </extension>
  <extension point="xbmc.addon.metadata">
    <summary lang="en">Streaming made easy.</summary>
    <description lang="en">No streams are hosted by Gorilla. The code for this addon was originally wrote by MaxMustermann for the Sportsdevil addon and then modified by Dragon Streams and has now been modified by Gorilla Streams</description>
    <disclaimer lang="en">The author does not host or distribute any of the content displayed by this addon</disclaimer>
	<platform>all</platform>
	<language>en</language>
  </extension>
</addon>
