<?xml version="1.0" encoding="utf-8"?>
<window type="dialog">
	<allowoverlay>no</allowoverlay>
	<defaultcontrol always="false">4000</defaultcontrol>
	<coordinates>
		<system>1</system>
		<posx>1000</posx>
		<posy>0</posy>
	</coordinates>
    <animation effect="slide" start="280,0" end="0,0" time="250">WindowOpen</animation>
    <animation effect="slide" start="0,0" end="280,0" time="250">WindowClose</animation>
    <controls>

        <control type="image">
            <posx>0</posx>
            <posy>0</posy>
            <width>280</width>
            <height>720</height>
            <texture>tvguide-menu-bkgrd.png</texture>
        </control>
        <control type="image">
            <posx>0</posx>
            <posy>0</posy>
            <width>280</width>
            <height>720</height>
            <texture>tvguide-menu-bkgrd.png</texture>
        </control>
		
		<control type="label">
            <description>Help and Tips</description>
            <posx>423</posx>
            <posy>120</posy>
            <width>180</width>
            <height>50</height>
            <textcolor>ffffffff</textcolor>
            <font>font13</font>
			<align>left</align>
            <aligny>top</aligny>
			<label>HELP &amp; TIPS</label>
        </control>
		
		<control type="label">
            <description>Help and Tips</description>
            <posx>423</posx>
            <posy>150</posy>
            <width>710</width>
            <height>400</height>
            <textcolor>ffffffff</textcolor>
            <font>font13</font>
			<align>justify</align>
            <aligny>top</aligny>
			<wrapmultiline>true</wrapmultiline>
			<autoscroll time="3600" delay="6000" repeat="6000">true</autoscroll>
			<label>Supported Plugins
The following Kodi plugins are currently supported by Tec tv Guide: F.T.V.,  USTVNow (Lunatixz 9.9.9),  SkyGo Launcher (V2), MX NCAA, MX BBC Player, MX RTE Player.

Channel Hiding &amp; Moving
While in this menu, if you choose 'Channels' to the left, you will be presented with a list of all the channels in your source XMLTV. Clicking on one with toggle it on or off. Pressing left, however, will slot the channel out of its place and you can then move it up or down your list. This is an easy way to get your guide just how you want it. Be warned, though, changing to another source in the main settings will force you to lose any channel settings you may have made.

For any more help please visit TECBOX Facebook group</label>
        </control>
			
        <control type="image" id="4100">
            <posx>20</posx>
            <posy>20</posy>
            <width>240</width>
            <height>80</height>
            <aspectratio>keep</aspectratio>
        </control>
        <control type="label" id="4101">
            <posx>20</posx>
            <posy>50</posy>
            <width>240</width>
            <height>50</height>
            <align>center</align>
            <aligny>center</aligny>
            <font>osdTitle</font>
            <textcolor>ffffffff</textcolor>
        </control>

        <control type="button" id="4000"><!-- watch -->
            <posx>20</posx>
            <posy>120</posy>
            <width>240</width>
            <height>50</height>
            <texturefocus>tvguide-program-menu-focus.png</texturefocus>
            <texturenofocus>tvguide-program-grey.png</texturenofocus>
            <onup>4000</onup>
            <ondown>4002</ondown>
            <align>center</align>
            <aligny>center</aligny>
            <font>font13</font>
            <textcolor>ffffffff</textcolor>
        </control>

        <control type="label" id="4102"><!-- Show Title -->
            <posx>20</posx>
            <posy>170</posy>
            <width>240</width>
            <height>50</height>
            <align>center</align>
            <aligny>center</aligny>
            <font>tvg_font13</font>
            <textcolor>ffffffff</textcolor>
        </control>
		
        <control type="button" id="4002"><!-- REMINDER -->
            <posx>20</posx>
            <posy>220</posy>
            <width>240</width>
            <height>50</height>
            <texturefocus>tvguide-program-menu-focus.png</texturefocus>
            <texturenofocus>tvguide-program-grey.png</texturenofocus>
            <onup>4000</onup>
            <ondown>80000</ondown>
            <align>center</align>
            <aligny>center</aligny>
            <font>tvg_font13</font>
            <textcolor>ffffffff</textcolor>
        </control>
		
        <control type="button" id="80000"><!-- GENESIS -->
            <posx>20</posx>
            <posy>273</posy>
            <width>240</width>
            <height>50</height>
            <texturefocus>tvguide-program-menu-focus.png</texturefocus>
            <texturenofocus>tvguide-program-grey.png</texturenofocus>
            <onup>4002</onup>
            <ondown>80001</ondown>
            <align>center</align>
            <aligny>center</aligny>
            <font>font13</font>
            <textcolor>ffffffff</textcolor>
			<label>$ADDON[script.tvguidetecbox 80000]</label>
        </control>

        <control type="button" id="80001"><!-- BBCIplayer -->
            <posx>20</posx>
            <posy>326</posy>
            <width>240</width>
            <height>50</height>
            <texturefocus>tvguide-program-menu-focus.png</texturefocus>
            <texturenofocus>tvguide-program-grey.png</texturenofocus>
            <onup>80000</onup>
            <ondown>80002</ondown>
            <align>center</align>
            <aligny>center</aligny>
            <font>font13</font>
            <textcolor>ffffffff</textcolor>
			<label>$ADDON[script.tvguidetecbox 80001]</label>
        </control>
		
        <control type="button" id="80002"><!-- ITV player -->
            <posx>20</posx>
            <posy>379</posy>
            <width>240</width>
            <height>50</height>
            <texturefocus>tvguide-program-menu-focus.png</texturefocus>
            <texturenofocus>tvguide-program-grey.png</texturenofocus>
            <onup>80001</onup>
            <ondown>80003</ondown>
            <align>center</align>
            <aligny>center</aligny>
            <font>font13</font>
            <textcolor>ffffffff</textcolor>
			<label>$ADDON[script.tvguidetecbox 80002]</label>
        </control>
		
        <control type="button" id="80003"><!-- My Recordings -->
            <posx>20</posx>
            <posy>432</posy>
            <width>240</width>
            <height>50</height>
            <texturefocus>tvguide-program-menu-focus.png</texturefocus>
            <texturenofocus>tvguide-program-grey.png</texturenofocus>
            <onup>80002</onup>
            <ondown>80004</ondown>
            <align>center</align>
            <aligny>center</aligny>
            <font>font13</font>
            <textcolor>ffffffff</textcolor>
			<label>$ADDON[script.tvguidetecbox 80003]</label>
        </control>
		
        <control type="button" id="80004"><!-- Super Favourites -->
            <posx>20</posx>
            <posy>485</posy>
            <width>240</width>
            <height>50</height>
            <texturefocus>tvguide-program-menu-focus.png</texturefocus>
            <texturenofocus>tvguide-program-grey.png</texturenofocus>
            <onup>80003</onup>
            <ondown>4001</ondown>
            <align>center</align>
            <aligny>center</aligny>
            <font>font13</font>
            <textcolor>ffffffff</textcolor>
			<label>$ADDON[script.tvguidetecbox 80004]</label>
        </control>

        <control type="button" id="4001"><!-- Choose Stream -->
            <posx>20</posx>
            <posy>538</posy>
            <width>240</width>
            <height>50</height>
            <texturefocus>tvguide-program-menu-focus.png</texturefocus>
            <texturenofocus>tvguide-program-grey.png</texturenofocus>
            <onup>80004</onup>
            <ondown>4003</ondown>
            <align>center</align>
            <aligny>center</aligny>
            <font>tvg_font13</font>
            <textcolor>ffffffff</textcolor>
            <label>$ADDON[script.tvguidetecbox 30304]</label>
        </control>
#        <control type="label"> <!-- Choose Stream Text -->
#            <posx>20</posx>
#            <posy>510</posy>
#            <width>240</width>
#            <height>200</height>
#            <font>tvg_font13</font>
#            <textcolor>ffffffff</textcolor>
#            <label>$ADDON[script.tvguidetecbox 30305]</label>
#            <wrapmultiline>true</wrapmultiline>
#        </control>

        <control type="button" id="4003"><!-- CHANNELS -->
            <posx>20</posx>
            <posy>591</posy>
            <width>240</width>
            <height>50</height>
            <texturefocus>tvguide-program-menu-focus.png</texturefocus>
            <texturenofocus>tvguide-program-grey.png</texturenofocus>
            <onup>4001</onup>
            <ondown>4004</ondown>
            <align>center</align>
            <aligny>center</aligny>
            <font>tvg_font13</font>
            <textcolor>ffffffff</textcolor>
            <label>$ADDON[script.tvguidetecbox 30307]</label>
        </control>
        <control type="button" id="4004"><!-- QUIT -->
            <posx>20</posx>
            <posy>644</posy>
            <width>240</width>
            <height>50</height>
            <texturefocus>tvguide-program-menu-focus.png</texturefocus>
            <texturenofocus>tvguide-program-grey.png</texturenofocus>
            <onup>4003</onup>
            <ondown>4004</ondown>
            <align>center</align>
            <aligny>center</aligny>
            <font>tvg_font13</font>
            <textcolor>ffffffff</textcolor>
            <label>$ADDON[script.tvguidetecbox 30308]</label>
        </control>
    </controls>
</window>
