<?xml version="1.0" encoding="UTF-8" standalone="yes"?>
<addon id="plugin.video.md123movies" name="123Movies" version="1.0.1" provider-name="Mucky Duck">
  <requires>
    <import addon="xbmc.python" version="2.1.0"/>
	<import addon="script.module.urlresolver"  version="2.1.2"/>
	<import addon="script.module.addon.common" />
	<import addon="script.module.requests" />
  </requires>
  <extension point="xbmc.python.pluginsource" library="default.py">
        <provides>video</provides>
  </extension>
  <extension point="xbmc.addon.metadata">
    <summary lang="en">Stream Movies From The 123movies.to WebSite</summary>
    <description lang="en"></description>
	<disclaimer lang="en">The author does not host or distribute any of the content displayed by this addon</disclaimer>
    <platform>all</platform>
  </extension>
</addon>
