<?xml version="1.0" encoding="UTF-8" standalone="yes"?>
<addon id="plugin.video.mdmtvuk" name="MTV UK" version="1.0.2" provider-name="Mucky Duck">
  <requires>
    <import addon="xbmc.python" version="2.1.0"/>
	<import addon="script.module.addon.common" />
	<import addon="script.module.requests" />
  </requires>
  <extension point="xbmc.python.pluginsource" library="default.py">
        <provides>audio</provides>
		<provides>video</provides>
  </extension>
  <extension point="xbmc.addon.metadata">
    <summary lang="en">Stream Content From The mtv.co.uk WebSite</summary>
    <description lang="en">Check Out All The Biggest And Best Music Videos From The Official mtv.co.uk WebSite</description>
	<disclaimer lang="en">The author does not host or distribute any of the content displayed by this addon or have any affiliation with the website owners</disclaimer>
    <platform>all</platform>
  </extension>
</addon>
