<?xml version='1.0' encoding='UTF-8'?>
<includes>
	<include name="skinshortcuts-mainmenu" />
	<include />
	<include name="skinshortcuts-submenu">
		<item id="1">
			<label>The Mutts Nuts</label>
			<label2>Video Add-On</label2>
			<icon>DefaultShortcut.png</icon>
			<thumb>image://C%3a%5cUsers%5cuser%5cAppData%5cRoaming%5cKodi%5caddons%5cplugin.video.mutttsnutz%5cicon.png/</thumb>
			<property name="labelID">plugin.video.mutttsnutz</property>
			<property name="defaultID">plugin.video.mutttsnutz</property>
			<onclick>ActivateWindow(10025,"plugin://plugin.video.mutttsnutz",return)</onclick>
			<property name="path">ActivateWindow(10025,"plugin://plugin.video.mutttsnutz",return)</property>
			<property name="list">"plugin://plugin.video.mutttsnutz"</property>
			<visible>[StringCompare(System.ProfileName,Master user)] + StringCompare(Container(9000).ListItem.Property(submenuVisibility),x10)</visible>
			<property name="group">x10</property>
			<property name="isSubmenu">True</property>
		</item>
		<item id="2">
			<label>Genesis</label>
			<label2>Video Add-On</label2>
			<icon>DefaultShortcut.png</icon>
			<thumb>image://C%3a%5cUsers%5cuser%5cAppData%5cRoaming%5cKodi%5caddons%5cplugin.video.genesis%5cicon.png/</thumb>
			<property name="labelID">plugin.video.genesis</property>
			<property name="defaultID">plugin.video.genesis</property>
			<onclick>ActivateWindow(10025,"plugin://plugin.video.genesis",return)</onclick>
			<property name="path">ActivateWindow(10025,"plugin://plugin.video.genesis",return)</property>
			<property name="list">"plugin://plugin.video.genesis"</property>
			<visible>[StringCompare(System.ProfileName,Master user)] + StringCompare(Container(9000).ListItem.Property(submenuVisibility),x10)</visible>
			<property name="group">x10</property>
			<property name="isSubmenu">True</property>
		</item>
		<item id="3">
			<label>Vodlocker</label>
			<label2>Video Add-On</label2>
			<icon>DefaultShortcut.png</icon>
			<thumb>image://C%3a%5cUsers%5cuser%5cAppData%5cRoaming%5cKodi%5caddons%5cplugin.video.mdvodlocker%5cicon.png/</thumb>
			<property name="labelID">plugin.video.mdvodlocker</property>
			<property name="defaultID">plugin.video.mdvodlocker</property>
			<onclick>ActivateWindow(10025,"plugin://plugin.video.mdvodlocker",return)</onclick>
			<property name="path">ActivateWindow(10025,"plugin://plugin.video.mdvodlocker",return)</property>
			<property name="list">"plugin://plugin.video.mdvodlocker"</property>
			<visible>[StringCompare(System.ProfileName,Master user)] + StringCompare(Container(9000).ListItem.Property(submenuVisibility),x10)</visible>
			<property name="group">x10</property>
			<property name="isSubmenu">True</property>
		</item>
		<item id="4">
			<label>Stream Engine</label>
			<label2>Video Add-On</label2>
			<icon>DefaultShortcut.png</icon>
			<thumb>image://C%3a%5cUsers%5cuser%5cAppData%5cRoaming%5cKodi%5caddons%5cplugin.video.streamengine%5cicon.png/</thumb>
			<property name="labelID">plugin.video.streamengine</property>
			<property name="defaultID">plugin.video.streamengine</property>
			<onclick>ActivateWindow(10025,"plugin://plugin.video.streamengine",return)</onclick>
			<property name="path">ActivateWindow(10025,"plugin://plugin.video.streamengine",return)</property>
			<property name="list">"plugin://plugin.video.streamengine"</property>
			<visible>[StringCompare(System.ProfileName,Master user)] + StringCompare(Container(9000).ListItem.Property(submenuVisibility),x10)</visible>
			<property name="group">x10</property>
			<property name="isSubmenu">True</property>
		</item>
		<item id="5">
			<label>S[COLOR goldenrod]o[/COLOR]lar[COLOR yellow]M[/COLOR][COLOR grey]ovie.so[/COLOR]</label>
			<label2>Video Add-On</label2>
			<icon>DefaultShortcut.png</icon>
			<thumb>image://C%3a%5cUsers%5cuser%5cAppData%5cRoaming%5cKodi%5caddons%5cplugin.video.solarmovie.so%5cicon.png/</thumb>
			<property name="labelID">plugin.video.solarmovie.so</property>
			<property name="defaultID">plugin.video.solarmovie.so</property>
			<onclick>ActivateWindow(10025,"plugin://plugin.video.solarmovie.so",return)</onclick>
			<property name="path">ActivateWindow(10025,"plugin://plugin.video.solarmovie.so",return)</property>
			<property name="list">"plugin://plugin.video.solarmovie.so"</property>
			<visible>[StringCompare(System.ProfileName,Master user)] + StringCompare(Container(9000).ListItem.Property(submenuVisibility),x10)</visible>
			<property name="group">x10</property>
			<property name="isSubmenu">True</property>
		</item>
	</include>
	<include name="skinshortcuts-group-x1" />
	<include name="skinshortcuts-group-alt-x1" />
	<include name="skinshortcuts-group-x2" />
	<include name="skinshortcuts-group-alt-x2" />
	<include name="skinshortcuts-group-x3" />
	<include name="skinshortcuts-group-alt-x3" />
	<include name="skinshortcuts-group-x4" />
	<include name="skinshortcuts-group-alt-x4" />
	<include name="skinshortcuts-group-x5" />
	<include name="skinshortcuts-group-alt-x5" />
	<include name="skinshortcuts-group-x6" />
	<include name="skinshortcuts-group-alt-x6" />
	<include name="skinshortcuts-group-x7" />
	<include name="skinshortcuts-group-alt-x7" />
	<include name="skinshortcuts-group-x8" />
	<include name="skinshortcuts-group-alt-x8" />
	<include name="skinshortcuts-group-x9" />
	<include name="skinshortcuts-group-alt-x9" />
	<include name="skinshortcuts-group-x10">
		<item id="1">
			<label>The Mutts Nuts</label>
			<label2>Video Add-On</label2>
			<icon>DefaultShortcut.png</icon>
			<thumb>image://C%3a%5cUsers%5cuser%5cAppData%5cRoaming%5cKodi%5caddons%5cplugin.video.mutttsnutz%5cicon.png/</thumb>
			<property name="labelID">plugin.video.mutttsnutz</property>
			<property name="defaultID">plugin.video.mutttsnutz</property>
			<onclick>ActivateWindow(10025,"plugin://plugin.video.mutttsnutz",return)</onclick>
			<property name="path">ActivateWindow(10025,"plugin://plugin.video.mutttsnutz",return)</property>
			<property name="list">"plugin://plugin.video.mutttsnutz"</property>
			<visible>StringCompare(System.ProfileName,Master user)</visible>
			<property name="group">x10</property>
			<property name="isSubmenu">True</property>
		</item>
		<item id="2">
			<label>Genesis</label>
			<label2>Video Add-On</label2>
			<icon>DefaultShortcut.png</icon>
			<thumb>image://C%3a%5cUsers%5cuser%5cAppData%5cRoaming%5cKodi%5caddons%5cplugin.video.genesis%5cicon.png/</thumb>
			<property name="labelID">plugin.video.genesis</property>
			<property name="defaultID">plugin.video.genesis</property>
			<onclick>ActivateWindow(10025,"plugin://plugin.video.genesis",return)</onclick>
			<property name="path">ActivateWindow(10025,"plugin://plugin.video.genesis",return)</property>
			<property name="list">"plugin://plugin.video.genesis"</property>
			<visible>StringCompare(System.ProfileName,Master user)</visible>
			<property name="group">x10</property>
			<property name="isSubmenu">True</property>
		</item>
		<item id="3">
			<label>Vodlocker</label>
			<label2>Video Add-On</label2>
			<icon>DefaultShortcut.png</icon>
			<thumb>image://C%3a%5cUsers%5cuser%5cAppData%5cRoaming%5cKodi%5caddons%5cplugin.video.mdvodlocker%5cicon.png/</thumb>
			<property name="labelID">plugin.video.mdvodlocker</property>
			<property name="defaultID">plugin.video.mdvodlocker</property>
			<onclick>ActivateWindow(10025,"plugin://plugin.video.mdvodlocker",return)</onclick>
			<property name="path">ActivateWindow(10025,"plugin://plugin.video.mdvodlocker",return)</property>
			<property name="list">"plugin://plugin.video.mdvodlocker"</property>
			<visible>StringCompare(System.ProfileName,Master user)</visible>
			<property name="group">x10</property>
			<property name="isSubmenu">True</property>
		</item>
		<item id="4">
			<label>Stream Engine</label>
			<label2>Video Add-On</label2>
			<icon>DefaultShortcut.png</icon>
			<thumb>image://C%3a%5cUsers%5cuser%5cAppData%5cRoaming%5cKodi%5caddons%5cplugin.video.streamengine%5cicon.png/</thumb>
			<property name="labelID">plugin.video.streamengine</property>
			<property name="defaultID">plugin.video.streamengine</property>
			<onclick>ActivateWindow(10025,"plugin://plugin.video.streamengine",return)</onclick>
			<property name="path">ActivateWindow(10025,"plugin://plugin.video.streamengine",return)</property>
			<property name="list">"plugin://plugin.video.streamengine"</property>
			<visible>StringCompare(System.ProfileName,Master user)</visible>
			<property name="group">x10</property>
			<property name="isSubmenu">True</property>
		</item>
		<item id="5">
			<label>S[COLOR goldenrod]o[/COLOR]lar[COLOR yellow]M[/COLOR][COLOR grey]ovie.so[/COLOR]</label>
			<label2>Video Add-On</label2>
			<icon>DefaultShortcut.png</icon>
			<thumb>image://C%3a%5cUsers%5cuser%5cAppData%5cRoaming%5cKodi%5caddons%5cplugin.video.solarmovie.so%5cicon.png/</thumb>
			<property name="labelID">plugin.video.solarmovie.so</property>
			<property name="defaultID">plugin.video.solarmovie.so</property>
			<onclick>ActivateWindow(10025,"plugin://plugin.video.solarmovie.so",return)</onclick>
			<property name="path">ActivateWindow(10025,"plugin://plugin.video.solarmovie.so",return)</property>
			<property name="list">"plugin://plugin.video.solarmovie.so"</property>
			<visible>StringCompare(System.ProfileName,Master user)</visible>
			<property name="group">x10</property>
			<property name="isSubmenu">True</property>
		</item>
	</include>
	<include name="skinshortcuts-group-alt-x10">
		<item id="1">
			<label>The Mutts Nuts</label>
			<label2>Video Add-On</label2>
			<icon>DefaultShortcut.png</icon>
			<thumb>image://C%3a%5cUsers%5cuser%5cAppData%5cRoaming%5cKodi%5caddons%5cplugin.video.mutttsnutz%5cicon.png/</thumb>
			<property name="labelID">plugin.video.mutttsnutz</property>
			<property name="defaultID">plugin.video.mutttsnutz</property>
			<onclick>ActivateWindow(10025,"plugin://plugin.video.mutttsnutz",return)</onclick>
			<property name="path">ActivateWindow(10025,"plugin://plugin.video.mutttsnutz",return)</property>
			<property name="list">"plugin://plugin.video.mutttsnutz"</property>
			<visible>[StringCompare(System.ProfileName,Master user)] + StringCompare(Window(10000).Property(submenuVisibility),x10)</visible>
			<property name="group">x10</property>
			<property name="isSubmenu">True</property>
		</item>
		<item id="2">
			<label>Genesis</label>
			<label2>Video Add-On</label2>
			<icon>DefaultShortcut.png</icon>
			<thumb>image://C%3a%5cUsers%5cuser%5cAppData%5cRoaming%5cKodi%5caddons%5cplugin.video.genesis%5cicon.png/</thumb>
			<property name="labelID">plugin.video.genesis</property>
			<property name="defaultID">plugin.video.genesis</property>
			<onclick>ActivateWindow(10025,"plugin://plugin.video.genesis",return)</onclick>
			<property name="path">ActivateWindow(10025,"plugin://plugin.video.genesis",return)</property>
			<property name="list">"plugin://plugin.video.genesis"</property>
			<visible>[StringCompare(System.ProfileName,Master user)] + StringCompare(Window(10000).Property(submenuVisibility),x10)</visible>
			<property name="group">x10</property>
			<property name="isSubmenu">True</property>
		</item>
		<item id="3">
			<label>Vodlocker</label>
			<label2>Video Add-On</label2>
			<icon>DefaultShortcut.png</icon>
			<thumb>image://C%3a%5cUsers%5cuser%5cAppData%5cRoaming%5cKodi%5caddons%5cplugin.video.mdvodlocker%5cicon.png/</thumb>
			<property name="labelID">plugin.video.mdvodlocker</property>
			<property name="defaultID">plugin.video.mdvodlocker</property>
			<onclick>ActivateWindow(10025,"plugin://plugin.video.mdvodlocker",return)</onclick>
			<property name="path">ActivateWindow(10025,"plugin://plugin.video.mdvodlocker",return)</property>
			<property name="list">"plugin://plugin.video.mdvodlocker"</property>
			<visible>[StringCompare(System.ProfileName,Master user)] + StringCompare(Window(10000).Property(submenuVisibility),x10)</visible>
			<property name="group">x10</property>
			<property name="isSubmenu">True</property>
		</item>
		<item id="4">
			<label>Stream Engine</label>
			<label2>Video Add-On</label2>
			<icon>DefaultShortcut.png</icon>
			<thumb>image://C%3a%5cUsers%5cuser%5cAppData%5cRoaming%5cKodi%5caddons%5cplugin.video.streamengine%5cicon.png/</thumb>
			<property name="labelID">plugin.video.streamengine</property>
			<property name="defaultID">plugin.video.streamengine</property>
			<onclick>ActivateWindow(10025,"plugin://plugin.video.streamengine",return)</onclick>
			<property name="path">ActivateWindow(10025,"plugin://plugin.video.streamengine",return)</property>
			<property name="list">"plugin://plugin.video.streamengine"</property>
			<visible>[StringCompare(System.ProfileName,Master user)] + StringCompare(Window(10000).Property(submenuVisibility),x10)</visible>
			<property name="group">x10</property>
			<property name="isSubmenu">True</property>
		</item>
		<item id="5">
			<label>S[COLOR goldenrod]o[/COLOR]lar[COLOR yellow]M[/COLOR][COLOR grey]ovie.so[/COLOR]</label>
			<label2>Video Add-On</label2>
			<icon>DefaultShortcut.png</icon>
			<thumb>image://C%3a%5cUsers%5cuser%5cAppData%5cRoaming%5cKodi%5caddons%5cplugin.video.solarmovie.so%5cicon.png/</thumb>
			<property name="labelID">plugin.video.solarmovie.so</property>
			<property name="defaultID">plugin.video.solarmovie.so</property>
			<onclick>ActivateWindow(10025,"plugin://plugin.video.solarmovie.so",return)</onclick>
			<property name="path">ActivateWindow(10025,"plugin://plugin.video.solarmovie.so",return)</property>
			<property name="list">"plugin://plugin.video.solarmovie.so"</property>
			<visible>[StringCompare(System.ProfileName,Master user)] + StringCompare(Window(10000).Property(submenuVisibility),x10)</visible>
			<property name="group">x10</property>
			<property name="isSubmenu">True</property>
		</item>
	</include>
	<include name="skinshortcuts-group-x11" />
	<include name="skinshortcuts-group-alt-x11" />
	<include name="skinshortcuts-group-x12" />
	<include name="skinshortcuts-group-alt-x12" />
	<include name="skinshortcuts-group-x13" />
	<include name="skinshortcuts-group-alt-x13" />
	<include name="skinshortcuts-group-x101" />
	<include name="skinshortcuts-group-alt-x101" />
	<include name="skinshortcuts-group-x202" />
	<include name="skinshortcuts-group-alt-x202" />
	<include name="skinshortcuts-group-x303" />
	<include name="skinshortcuts-group-alt-x303" />
	<include name="skinshortcuts-group-x404" />
	<include name="skinshortcuts-group-alt-x404" />
	<include name="skinshortcuts-group-x505" />
	<include name="skinshortcuts-group-alt-x505" />
	<include name="skinshortcuts-group-x606" />
	<include name="skinshortcuts-group-alt-x606" />
</includes>
