<?xml version="99999" encoding="UTF-8" standalone="yes"?>
<addon id="repository.aaarepo" name="  [COLOR lime][B]AAA [/COLOR][COLOR white]Repository[/B][/COLOR]" version="99999" provider-name="AAARepo">
	<extension point="xbmc.addon.repository" name="  [COLOR lime][B]AAA [/COLOR][COLOR white]Repository[/B][/COLOR]">
        <info compressed="false">http://aaareppo.xyz/reppo/adddons.xml</info>
		<checksum>http://aaarepo.xyz/reppo/adddons.xml.md5</checksum>
		<datadir zip="true">http://aaareppo.xyz/reppo/zips</datadir>
	</extension>
	<extension point="xbmc.addon.metadata">
		<summary>Do Not Install my Addons</summary>
		<description>if you wish to use this repo please remove the mdrepo from your system</description>
		<platform>all</platform>
	</extension>
</addon>