<?xml version="1.0" encoding="UTF-8" standalone="yes"?>
<addon id="plugin.video.streamengine" name="Stream Engine" version="1.0.4" provider-name="Mucky Duck,Stream Engine">
  <requires>
    <import addon="xbmc.python" version="2.1.0"/>
	<import addon="script.module.urlresolver"  version="2.1.2"/>
  </requires>
  <extension point="xbmc.python.pluginsource" library="default.py">
        <provides>video</provides>
  </extension>
  <extension point="xbmc.addon.metadata">
    <summary lang="en">Top Quality Streaming Source.</summary>
    <description lang="en"></description>
    <platform>all</platform>
  </extension>
</addon>
