<?xml version="1.0" encoding="UTF-8"?>
<addon
  id="skin.aeon.nox.lego"
  version="1.0"
  name="Aeon Nox 5: LEGO"
  provider-name="Created by BigNoid | Modded by SiLVO and BEATBOX8501">
	<requires>
		<import addon="xbmc.gui" version="5.3.0"/>
		<import addon="script.grab.fanart" version="0.12.8"/>
		<import addon="script.skinshortcuts" version="0.2.4"/>
		<import addon="service.library.data.provider" version="0.0.1"/>
	</requires>
	<extension
	  point="xbmc.gui.skin"
	  debugging="false"
	  effectslowdown="0.75">
		<res width="1920" height="1080" aspect="16:9" default="true" folder="1080i" />
	</extension>
	<extension point="xbmc.addon.metadata">
		<summary lang="en">Aeon Nox 5: LEGO</summary>
		<description lang="en">Completely redesigned to create a modern look, while retaining the classic Aeon feel.</description>
		<platform>all</platform>
	</extension>
</addon>
