<?xml version="1.0" encoding="UTF-8" standalone="yes"?>
<addon id="plugin.video.vdubt25tutorials"
	name="Vdubt25 Tutorials"
	version="1.0.2"
	provider-name="md">
  <requires>
    <import addon="xbmc.python" version="2.1.0"/>
    <import addon="plugin.video.youtube" version="3.0.0"/>
  </requires>
  <extension point="xbmc.python.pluginsource" library="default.py">
    <provides>video</provides>
  </extension>
  <extension point="xbmc.addon.metadata">
    <summary lang="en">vdubt25</summary>
    <description lang="en">Awesome vdubt25 videos from YouTube.</description>
    <platform>all</platform>
  </extension>
</addon>
