<?xml version="1.0" encoding="UTF-8" standalone="yes"?>
<addon id="plugin.video.gorillastreams" name="Gorilla Streams" version="1.0.0" provider-name="Mucky Duck,Anom">
  <requires>
    <import addon="xbmc.python" version="2.1.0"/>
	<import addon="script.module.simplejson" version="3.3.0"/>
	<import addon="script.module.urlresolver"  version="2.1.2"/>
	<import addon="script.module.addon.common" />
	<import addon="repository.mdrepo"/>
  </requires>
  <extension point="xbmc.python.pluginsource" library="default.py">
        <provides>video</provides>
  </extension>
  <extension point="xbmc.addon.metadata">
    <summary lang="en">Top Quality Streaming Source.</summary>
    <description lang="en"></description>
    <disclaimer lang="en">The author does not host or distribute any of the content displayed by this addon</disclaimer>
	<platform>all</platform>
	<language>en</language>
  </extension>
</addon>
