<?xml version="1.0" encoding="UTF-8" standalone="yes"?>
	<addon id="plugin.audio.oldskool" version="1.0.0" name="Old Skool" provider-name="Mucky_Duck">
		<requires>
			<import addon="xbmc.python"   version="2.1.0"/>
            <import addon="script.module.t0mm0.common" version="2.0.0"/>
        </requires>
		<extension point="xbmc.python.pluginsource" library="default.py">
			<provides>audio</provides>
		</extension>
		<extension point="xbmc.addon.metadata">
			<summary lang="en">Old Tape Packs From The Index At http://artmeetsscience.co.uk</summary>
			<description lang="en">oldskool tape packs</description>
			<disclaimer lang="en">The author does not host or distribute any of the content displayed by this addon</disclaimer>
			<platform>all</platform>
			<license>GNU GENERAL PUBLIC LICENSE. Version 3, June 2007</license>
			<language>en</language>
		</extension>
	</addon>