<?xml version="1.0" encoding="UTF-8" standalone="yes"?>
<addon id="plugin.video.vader_movies" name="[COLOR red]Vaders-Movies©[/COLOR]" version="3.0.0" provider-name="robbed by vader">
  <requires>
    <import addon="xbmc.python" version="2.1.0"/>
	<import addon="script.module.addon.common" />
	<import addon="script.module.metahandler" version="2.5.1"/>
	<import addon="script.module.requests" />
	</requires>
  <extension point="xbmc.python.pluginsource" library="default.py">
        <provides>video</provides>
  </extension>
  <extension point="xbmc.addon.metadata">
    <summary lang="en">this addon is stolen from mucky duck please dont support theifs</summary>
    <description lang="en">
	</description>
	<disclaimer lang="en">The author does not host or distribute any of the content displayed by this addon or have any affiliation with the website owners</disclaimer>
    <platform>all</platform>
	<broken>this addon was stolen by vader please dont support theifs</broken>
  </extension>
</addon>
