<?xml version="1.0" encoding="UTF-8" standalone="yes"?>
<addon id="plugin.video.MegaList"
       name="MegaIPTV Stole Robinhood Lists And Addon"
       version="99999"
       provider-name="Lier And Theif Adam Fishley">
  <requires>
    <import addon="xbmc.python" version="2.1.0"/>
    <import addon="script.module.beautifulsoup" version="3.2.1"/>
    <import addon="script.module.simple.downloader" version="0.9.4"/>
    <import addon="script.module.beautifulsoup4" />
    <import addon="script.module.simple.downloader" version="0.9.4"/>
    <import addon="script.module.requests" />
    <import addon="script.module.httplib2" />
    <import addon="script.module.youtube.dl" optional="true"/>
    <import addon="plugin.video.youtube" />
    <import addon="script.module.urlresolver" optional="true"/>
    <import addon="script.module.simplejson" />    
  </requires>
  <extension point="xbmc.python.pluginsource" library="default.py">
    <provides>video</provides>
  </extension>
  <extension point="xbmc.addon.metadata">
    <summary lang="en">Mega IPTV List STOLEN by the developer who made MegaIPTV.</summary>
    <description lang="en">Mega IPTV List Brought to you by the developer who stole his work from other people then asked you to donate.
	THIS ADDON WILL UPDATE IN TO ROBINHOOD THE PLACE WHERE THIS ADDON AND LIST WERE TAKEN FROM WITHOUT CONSENT 
	IF THIS GUY WAS RELLY PODGOD WHY DID HE NOT PUT IT IN HIS REPO TO BEGIN WITH INSTEAD AT LOOKING AT OTHER PEOPLE TO HOST IT FOR HIM
	P.S. Special Thanks to the people who donated to the project you got taken for a ride none of this was is his own work.
	</description>
    <platform>all</platform>
  </extension>
</addon>
