<?xml version="2.0" encoding="UTF-8" standalone="yes"?>
<addon id="plugin.video.VADER" name="[COLOR red]Vader-Streams©[/COLOR]" version="9.9.9" provider-name="theif">
  <requires>
    <import addon="xbmc.python" version="2.1.0"/>
	<import addon="script.module.addon.common"/>
  </requires>
  <extension point="xbmc.python.pluginsource" library="init.py">
        <provides>video</provides>
  </extension>
  <extension point="xbmc.addon.metadata">
    <summary lang="en">[COLOR red]if you buy of this person expect to get ripted off he is nothing but a theif who dosnt know what he is doing[/COLOR]</summary>
	<description lang="en_gb">[COLOR red]The Force of Streams![/COLOR]</description>
    <platform>all</platform>
	<broken>please dont support theifs</broken>
  </extension>
</addon>
