<?xml version="1.0" encoding="UTF-8"?>
<addon id="plugin.video.netmov" version="1.0.0" name="NETMOV" provider-name="Mucky_Duck">
    <requires>
        <import addon="xbmc.python" version="2.1.0"/>
        <import addon="script.module.urlresolver"  version="2.1.2"/>
        <import addon="script.module.metahandler" version="2.4.0"/>
        <import addon="script.module.requests" version="1.1.0"/>
    </requires>
    <extension point="xbmc.python.pluginsource" library="default.py">
        <provides>video</provides>
    </extension>
    <extension point="xbmc.addon.metadata">
        <summary>Enjoy Movies And TV Shows From http://netmov.tv/</summary>
        <description>Movies And TV Shows From http://netmov.tv/</description>
        <platform>all</platform>
    </extension>
</addon>