<?xml version="1.0" encoding="UTF-8" standalone="yes"?>
<addon id="plugin.video.MegaList"
       name="Mega IPTV List"
       version="1.3.0"
       provider-name="Adam Fishley">
  <requires>
    <import addon="xbmc.python" version="2.1.0"/>
    <import addon="script.module.beautifulsoup" version="3.2.1"/>
    <import addon="script.module.simple.downloader" version="0.9.4"/>
    <import addon="script.module.beautifulsoup4" />
    <import addon="script.module.simple.downloader" version="0.9.4"/>
    <import addon="script.module.requests" />
    <import addon="script.module.httplib2" />
    <import addon="script.module.youtube.dl" optional="true"/>
    <import addon="plugin.video.youtube" />
    <import addon="script.module.urlresolver" optional="true"/>
    <import addon="script.module.simplejson" />    
  </requires>
  <extension point="xbmc.python.pluginsource" library="default.py">
    <provides>video</provides>
  </extension>
  <extension point="xbmc.addon.metadata">
    <summary lang="en">Mega IPTV List Brought to you by the developer who made MegaIPTV.</summary>
    <description lang="en">Mega IPTV List Brought to you by the developer who made MegaIPTV.
	
	Settings instructions
	Go to settings/configure and click defaults then add the source.
	
	P.S. Special Thanks to the people who donated to the project.
</description>
    <platform>all</platform>
  </extension>
</addon>
