<?xml version="1.0" encoding="UTF-8"?>
<addon
  id="skin.aeon.nox.avengers"
  version="5.6.0-1.8.3"
  name="Aeon Nox 5: SiLVO Avengers"
  provider-name="Created by BigNoid | Modded by EdiTz">
	<requires>
		<import addon="xbmc.gui" version="5.3.0"/>
		<import addon="script.grab.fanart" version="0.12.8"/>
		<import addon="script.skinshortcuts" version="0.2.4"/>
		<import addon="service.library.data.provider" version="0.0.1"/>
	</requires>
	<extension
	  point="xbmc.gui.skin"
	  debugging="false"
	  effectslowdown="0.75">
		<res width="1920" height="1080" aspect="16:9" default="true" folder="1080i" />
	</extension>
	<extension point="xbmc.addon.metadata">
		<summary lang="de">Aeon Nox 5: SiLVO Avengers</summary>
		<summary lang="el">Aeon Nox 5: SiLVO Avengers</summary>
		<summary lang="en">Aeon Nox 5: SiLVO Avengers</summary>
		<summary lang="en_AU">Aeon Nox 5: SiLVO Avengers</summary>
		<summary lang="en_NZ">Aeon Nox 5: SiLVO Avengers</summary>
		<summary lang="en_US">Aeon Nox 5: SiLVO Avengers</summary>
		<summary lang="es">Aeon Nox 5: SiLVO Avengers</summary>
		<summary lang="fi">Aeon Nox 5: SiLVO Avengers</summary>
		<summary lang="fr">Aeon Nox 5: SiLVO Avengers</summary>
		<summary lang="fr_CA">Aeon Nox 5 : SiLVO Avengers</summary>
		<summary lang="gl">Aeon Nox 5: SiLVO Avengers</summary>
		<summary lang="he">Aeon Nox 5: SiLVO Avengers</summary>
		<summary lang="hu">Aeon Nox 5: SiLVO Avengers</summary>
		<summary lang="is">Aeon Nox 5: SiLVO Avengers</summary>
		<summary lang="it">Aeon Nox 5: SiLVO Avengers</summary>
		<summary lang="ko">Aeon Nox 5: SiLVO Avengers</summary>
		<summary lang="lt">Aeon Nox 5: SiLVO Avengers</summary>
		<summary lang="ms">Aeon Nox 5: SiLVO Avengers</summary>
		<summary lang="nl">Aeon Nox 5: SiLVO Avengers</summary>
		<summary lang="no">Aeon Nox 5: SiLVO Avengers</summary>
		<summary lang="pl">Aeon Nox 5: SiLVO Avengers</summary>
		<summary lang="pt">Aeon Nox 5: SiLVO Avengers</summary>
		<summary lang="pt_BR">Aeon Nox 5: SiLVO Avengers</summary>
		<summary lang="ru">Aeon Nox 5: SiLVO Avengers</summary>
		<summary lang="sk">Aeon Nox 5: SiLVO Avengers</summary>
		<summary lang="sv">Aeon Nox 5: SiLVO Avengers</summary>
		<summary lang="th">Aeon Nox 5: SiLVO Avengers</summary>
		<summary lang="vi">Aeon Nox 5: SiLVO Avengers - Sự trở về</summary>
		<summary lang="zh">Aeon Nox 5: SiLVO Avengers</summary>
		<description lang="de">Komplett neu designed für ein modernes Aussehen und das klassische Aeon-Feeling beizubehalten.</description>
		<description lang="el">Πλήρως επανασχεδιασμένο για να προσφέρει μια μοντέρνα αισθητική, διατηρώντας ταυτόχρονα την κλασική ομορφιά του Aeon.</description>
		<description lang="en">Big Thanks to BigNoid and SiLVO For Making This Skin Iv Edited Also Special Thanks To @gunny_29 @Mrth3m3s @Houdin24 @Sirusblack @Mjdodav @MaxdMerc @BarryMcGonigle @Shhduff.Any Questions My Twitter Is @xEdiTz.</description>
		<description lang="en_AU">Big Thanks to BigNoid and SiLVO For Making This Skin Iv Edited Also Special Thanks To @gunny_29 @Mrth3m3s @Houdin24 @Sirusblack @Mjdodav @MaxdMerc @BarryMcGonigle @Shhduff.Any Questions My Twitter Is @xEdiTz.</description>
		<description lang="en_NZ">Big Thanks to BigNoid and SiLVO For Making This Skin Iv Edited Also Special Thanks To @gunny_29 @Mrth3m3s @Houdin24 @Sirusblack @Mjdodav @MaxdMerc @BarryMcGonigle @Shhduff.Any Questions My Twitter Is @xEdiTz.</description>
		<description lang="en_US">Big Thanks to BigNoid and SiLVO For Making This Skin Iv Edited Also Special Thanks To @gunny_29 @Mrth3m3s @Houdin24 @Sirusblack @Mjdodav @MaxdMerc @BarryMcGonigle @Shhduff.Any Questions My Twitter Is @xEdiTz.</description>
		<description lang="es">Completamente rediseñado para crear un aspecto moderno, pero conservando el toque clásico Aeon.</description>
		<description lang="fi">Täysin uudelleensuunniteltu moderni ulkoasu, kuitenkin tuntuen klassiselta Aeon:lta.</description>
		<description lang="fr">Totalement revu pour créer un look moderne, en gardant l'expérience Aeon.</description>
		<description lang="fr_CA">complètement remanié pour créer une apparence moderne, tout en conservant l'esprit classique d'Aeon.</description>
		<description lang="he">עיצוב חדש היוצר מראה מודרני אך משמר את ההרגשה של Aeon הקלאסי.</description>
		<description lang="hr">Potpuno preoblikovan moderan izgled, uz zadržani klasični Aeon osjećaj.</description>
		<description lang="hu">Teljesen áttervezett modern kinézet, de megtartva a klasszikus Aeon érzetet.</description>
		<description lang="is">Endurhannað nútímalegt útlit í anda Aeon.</description>
		<description lang="it">Completamente ridisegnato per creare un look moderno, mantenendo la consueta qualità Aeon.</description>
		<description lang="ko">고전적인 Aeon 느낌을 유지하면서 현대적인 모습으로 완전히 다시 디자인하여 만들었습니다.</description>
		<description lang="lt">pilnai atnaujinta, kad sukurtų modernią išvaizdą, išlaikant klasikinio Aeon pojūtį.</description>
		<description lang="ms">Direka semula sepenuhnya untuk hasilkan penampilan modern, tetapi masih mengekalkan penampilan Aeon klasik.</description>
		<description lang="nl">Volledig opnieuw ontworpen om een ​​moderne look te creëren, met behoud van het klassieke Aeon gevoel.</description>
		<description lang="no">Helt redesignet for å gi deg en moderne utforming, samtidig som man beholder den klassiske Aeon følelsen.</description>
		<description lang="pl">Całkowicie przeprojektowana skóra Aeon, o nowoczesnym wyglądzie, zachowując klasyczny układ skóry Aeon.</description>
		<description lang="pt">Completamente redesenhado para criar um visual moderno enquanto retém o toque clássico Aeon.</description>
		<description lang="pt_BR">Design completamente novo para criar um look moderno, mantendo o feeling do Aeon Clássico.</description>
		<description lang="ru">полностью переделенная, модернизированная классическая обложка Aeon.</description>
		<description lang="sk">Kompletne prepracovaný dizajn s moderným vzhľadom pri zachovaní klasického štýlu Aeon.</description>
		<description lang="sv">Totalt omarbetad för att skapa ett modernt utseende, samtidigt som man behåller den klassiska Aeon-känslan.</description>
		<description lang="th">การออกแบบใหม่หมดจด เพื่อสร้างรูปลักษณ์ทันสมัย, ​​ขณะที่ยังคงความรู้สึกคลาสสิคของ Aeon.</description>
		<description lang="vi">Thiết kế lại hoàn toàn để tạo nên một phong cách hiện đại, trong khi đó vẫn duy trì một cảm giác Aeon cổ điển.</description>
		<platform>all</platform>
	</extension>
</addon>
