<?xml version="1.0" encoding="UTF-8" standalone="yes"?>
<addon id="plugin.video.mdwizard" name="Mucky Ducks Wizard" version="1.1.0" provider-name="Mucky Duck">
  <requires>
    <import addon="xbmc.python" version="2.1.0"/>
	<import addon="script.module.addon.common" />
  </requires>
  <extension point="xbmc.python.pluginsource" library="default.py">
        <provides>video executable</provides>
  </extension>
  <extension point="xbmc.addon.metadata">
    <summary lang="en">Mucky Ducks Wizard</summary>
    <description lang="en">Mucky Ducks Wizard provides an easy way to installing addons to your device</description>
    <platform>all</platform>
  </extension>
</addon>
